[
  {
    "key": "Afghanistan",
    "region": "Asia",
    "subregion": "Southern Asia",
    "value": 25500100
  },
  {
    "key": "Åland Islands",
    "region": "Europe",
    "subregion": "Northern Europe",
    "value": 28502
  },
  {
    "key": "Albania",
    "region": "Europe",
    "subregion": "Southern Europe",
    "value": 2821977
  },
  {
    "key": "Algeria",
    "region": "Africa",
    "subregion": "Northern Africa",
    "value": 37900000
  },
  {
    "key": "American Samoa",
    "region": "Oceania",
    "subregion": "Polynesia",
    "value": 55519
  },
  {
    "key": "Andorra",
    "region": "Europe",
    "subregion": "Southern Europe",
    "value": 76246
  },
  {
    "key": "Angola",
    "region": "Africa",
    "subregion": "Middle Africa",
    "value": 20609294
  },
  {
    "key": "Anguilla",
    "region": "Americas",
    "subregion": "Caribbean",
    "value": 13452
  },
  {
    "key": "Antarctica",
    "region": "",
    "subregion": "",
    "value": -1
  },
  {
    "key": "Antigua and Barbuda",
    "region": "Americas",
    "subregion": "Caribbean",
    "value": 86295
  },
  {
    "key": "Argentina",
    "region": "Americas",
    "subregion": "South America",
    "value": 40117096
  },
  {
    "key": "Armenia",
    "region": "Asia",
    "subregion": "Western Asia",
    "value": 3024100
  },
  {
    "key": "Aruba",
    "region": "Americas",
    "subregion": "Caribbean",
    "value": 101484
  },
  {
    "key": "Australia",
    "region": "Oceania",
    "subregion": "Australia and New Zealand",
    "value": 23254142
  },
  {
    "key": "Austria",
    "region": "Europe",
    "subregion": "Western Europe",
    "value": 8501502
  },
  {
    "key": "Azerbaijan",
    "region": "Asia",
    "subregion": "Western Asia",
    "value": 9235100
  },
  {
    "key": "Bahamas",
    "region": "Americas",
    "subregion": "Caribbean",
    "value": -1
  },
  {
    "key": "Bahrain",
    "region": "Asia",
    "subregion": "Western Asia",
    "value": 1234571
  },
  {
    "key": "Bangladesh",
    "region": "Asia",
    "subregion": "Southern Asia",
    "value": 152518015
  },
  {
    "key": "Barbados",
    "region": "Americas",
    "subregion": "Caribbean",
    "value": 274200
  },
  {
    "key": "Belarus",
    "region": "Europe",
    "subregion": "Eastern Europe",
    "value": 9465500
  },
  {
    "key": "Belgium",
    "region": "Europe",
    "subregion": "Western Europe",
    "value": 11175653
  },
  {
    "key": "Belize",
    "region": "Americas",
    "subregion": "Central America",
    "value": 312971
  },
  {
    "key": "Benin",
    "region": "Africa",
    "subregion": "Western Africa",
    "value": 10323000
  },
  {
    "key": "Bermuda",
    "region": "Americas",
    "subregion": "Northern America",
    "value": 64237
  },
  {
    "key": "Bhutan",
    "region": "Asia",
    "subregion": "Southern Asia",
    "value": 740990
  },
  {
    "key": "Bolivia",
    "region": "Americas",
    "subregion": "South America",
    "value": 10027254
  },
  {
    "key": "Bonaire",
    "region": "Americas",
    "subregion": "Caribbean",
    "value": -1
  },
  {
    "key": "Bosnia and Herzegovina",
    "region": "Europe",
    "subregion": "Southern Europe",
    "value": 3791622
  },
  {
    "key": "Botswana",
    "region": "Africa",
    "subregion": "Southern Africa",
    "value": 2024904
  },
  {
    "key": "Bouvet Island",
    "region": "",
    "subregion": "",
    "value": -1
  },
  {
    "key": "Brazil",
    "region": "Americas",
    "subregion": "South America",
    "value": 201032714
  },
  {
    "key": "British Indian Ocean Territory",
    "region": "Africa",
    "subregion": "Eastern Africa",
    "value": -1
  },
  {
    "key": "British Virgin Islands",
    "region": "Americas",
    "subregion": "Caribbean",
    "value": 29537
  },
  {
    "key": "Brunei",
    "region": "Asia",
    "subregion": "South-Eastern Asia",
    "value": 393162
  },
  {
    "key": "Bulgaria",
    "region": "Europe",
    "subregion": "Eastern Europe",
    "value": 7282041
  },
  {
    "key": "Burkina Faso",
    "region": "Africa",
    "subregion": "Western Africa",
    "value": 17322796
  },
  {
    "key": "Burundi",
    "region": "Africa",
    "subregion": "Eastern Africa",
    "value": 10163000
  },
  {
    "key": "Cambodia",
    "region": "Asia",
    "subregion": "South-Eastern Asia",
    "value": 15135000
  },
  {
    "key": "Cameroon",
    "region": "Africa",
    "subregion": "Middle Africa",
    "value": 20386799
  },
  {
    "key": "Canada",
    "region": "Americas",
    "subregion": "Northern America",
    "value": 35158304
  },
  {
    "key": "Cape Verde",
    "region": "Africa",
    "subregion": "Western Africa",
    "value": 491875
  },
  {
    "key": "Cayman Islands",
    "region": "Americas",
    "subregion": "Caribbean",
    "value": 55456
  },
  {
    "key": "Central African Republic",
    "region": "Africa",
    "subregion": "Middle Africa",
    "value": 4616000
  },
  {
    "key": "Chad",
    "region": "Africa",
    "subregion": "Middle Africa",
    "value": 12825000
  },
  {
    "key": "Chile",
    "region": "Americas",
    "subregion": "South America",
    "value": 16634603
  },
  {
    "key": "China",
    "region": "Asia",
    "subregion": "Eastern Asia",
    "value": 1361170000
  },
  {
    "key": "Christmas Island",
    "region": "Oceania",
    "subregion": "Australia and New Zealand",
    "value": 2072
  },
  {
    "key": "Cocos (Keeling) Islands",
    "region": "Oceania",
    "subregion": "Australia and New Zealand",
    "value": 550
  },
  {
    "key": "Colombia",
    "region": "Americas",
    "subregion": "South America",
    "value": 47330000
  },
  {
    "key": "Comoros",
    "region": "Africa",
    "subregion": "Eastern Africa",
    "value": 724300
  },
  {
    "key": "Republic of the Congo",
    "region": "Africa",
    "subregion": "Middle Africa",
    "value": 4448000
  },
  {
    "key": "Democratic Republic of the Congo",
    "region": "Africa",
    "subregion": "Middle Africa",
    "value": 67514000
  },
  {
    "key": "Cook Islands",
    "region": "Oceania",
    "subregion": "Polynesia",
    "value": 14974
  },
  {
    "key": "Costa Rica",
    "region": "Americas",
    "subregion": "Central America",
    "value": 4667096
  },
  {
    "key": "Côte d'Ivoire",
    "region": "Africa",
    "subregion": "Western Africa",
    "value": -1
  },
  {
    "key": "Croatia",
    "region": "Europe",
    "subregion": "Southern Europe",
    "value": 4290612
  },
  {
    "key": "Cuba",
    "region": "Americas",
    "subregion": "Caribbean",
    "value": 11167325
  },
  {
    "key": "Curaçao",
    "region": "Americas",
    "subregion": "Caribbean",
    "value": 150563
  },
  {
    "key": "Cyprus",
    "region": "Asia",
    "subregion": "Western Asia",
    "value": 865878
  },
  {
    "key": "Czech Republic",
    "region": "Europe",
    "subregion": "Eastern Europe",
    "value": 10512900
  },
  {
    "key": "Denmark",
    "region": "Europe",
    "subregion": "Northern Europe",
    "value": 5623501
  },
  {
    "key": "Djibouti",
    "region": "Africa",
    "subregion": "Eastern Africa",
    "value": 864618
  },
  {
    "key": "Dominica",
    "region": "Americas",
    "subregion": "Caribbean",
    "value": 71293
  },
  {
    "key": "Dominican Republic",
    "region": "Americas",
    "subregion": "Caribbean",
    "value": 9445281
  },
  {
    "key": "Ecuador",
    "region": "Americas",
    "subregion": "South America",
    "value": 15617900
  },
  {
    "key": "Egypt",
    "region": "Africa",
    "subregion": "Northern Africa",
    "value": 83661000
  },
  {
    "key": "El Salvador",
    "region": "Americas",
    "subregion": "Central America",
    "value": 6340000
  },
  {
    "key": "Equatorial Guinea",
    "region": "Africa",
    "subregion": "Middle Africa",
    "value": 1622000
  },
  {
    "key": "Eritrea",
    "region": "Africa",
    "subregion": "Eastern Africa",
    "value": 6333000
  },
  {
    "key": "Estonia",
    "region": "Europe",
    "subregion": "Northern Europe",
    "value": 1286540
  },
  {
    "key": "Ethiopia",
    "region": "Africa",
    "subregion": "Eastern Africa",
    "value": 86613986
  },
  {
    "key": "Falkland Islands",
    "region": "Americas",
    "subregion": "South America",
    "value": 2563
  },
  {
    "key": "Faroe Islands",
    "region": "Europe",
    "subregion": "Northern Europe",
    "value": 48509
  },
  {
    "key": "Fiji",
    "region": "Oceania",
    "subregion": "Melanesia",
    "value": 858038
  },
  {
    "key": "Finland",
    "region": "Europe",
    "subregion": "Northern Europe",
    "value": 5445883
  },
  {
    "key": "France",
    "region": "Europe",
    "subregion": "Western Europe",
    "value": 65806000
  },
  {
    "key": "French Guiana",
    "region": "Americas",
    "subregion": "South America",
    "value": 229040
  },
  {
    "key": "French Polynesia",
    "region": "Oceania",
    "subregion": "Polynesia",
    "value": 268270
  },
  {
    "key": "French Southern and Antarctic Lands",
    "region": "",
    "subregion": "",
    "value": -1
  },
  {
    "key": "Gabon",
    "region": "Africa",
    "subregion": "Middle Africa",
    "value": 1672000
  },
  {
    "key": "Gambia",
    "region": "Africa",
    "subregion": "Western Africa",
    "value": -1
  },
  {
    "key": "Georgia",
    "region": "Asia",
    "subregion": "Western Asia",
    "value": -1
  },
  {
    "key": "Germany",
    "region": "Europe",
    "subregion": "Western Europe",
    "value": 80523700
  },
  {
    "key": "Ghana",
    "region": "Africa",
    "subregion": "Western Africa",
    "value": 24658823
  },
  {
    "key": "Gibraltar",
    "region": "Europe",
    "subregion": "Southern Europe",
    "value": 29752
  },
  {
    "key": "Greece",
    "region": "Europe",
    "subregion": "Southern Europe",
    "value": 10815197
  },
  {
    "key": "Greenland",
    "region": "Americas",
    "subregion": "Northern America",
    "value": 56370
  },
  {
    "key": "Grenada",
    "region": "Americas",
    "subregion": "Caribbean",
    "value": 103328
  },
  {
    "key": "Guadeloupe",
    "region": "Americas",
    "subregion": "Caribbean",
    "value": 403355
  },
  {
    "key": "Guam",
    "region": "Oceania",
    "subregion": "Micronesia",
    "value": 159358
  },
  {
    "key": "Guatemala",
    "region": "Americas",
    "subregion": "Central America",
    "value": 15438384
  },
  {
    "key": "Guernsey",
    "region": "Europe",
    "subregion": "Northern Europe",
    "value": 62431
  },
  {
    "key": "Guinea",
    "region": "Africa",
    "subregion": "Western Africa",
    "value": 10824200
  },
  {
    "key": "Guinea-Bissau",
    "region": "Africa",
    "subregion": "Western Africa",
    "value": 1704000
  },
  {
    "key": "Guyana",
    "region": "Americas",
    "subregion": "South America",
    "value": 784894
  },
  {
    "key": "Haiti",
    "region": "Americas",
    "subregion": "Caribbean",
    "value": 10413211
  },
  {
    "key": "Heard Island and McDonald Islands",
    "region": "",
    "subregion": "",
    "value": -1
  },
  {
    "key": "Vatican City",
    "region": "Europe",
    "subregion": "Southern Europe",
    "value": 800
  },
  {
    "key": "Honduras",
    "region": "Americas",
    "subregion": "Central America",
    "value": 8555072
  },
  {
    "key": "Hong Kong",
    "region": "Asia",
    "subregion": "Eastern Asia",
    "value": 7184000
  },
  {
    "key": "Hungary",
    "region": "Europe",
    "subregion": "Eastern Europe",
    "value": 9906000
  },
  {
    "key": "Iceland",
    "region": "Europe",
    "subregion": "Northern Europe",
    "value": 325010
  },
  {
    "key": "India",
    "region": "Asia",
    "subregion": "Southern Asia",
    "value": 1236670000
  }
]






























