{"name": "India", "children": [
        {"name": "2018", "children": [
                {
                    "name": "MINERAL FUELS",
                    "size": 167.87178
                },
                {
                    "name": "NATURAL OR CULTURED PEARLS",
                    "size": 64.72019
                },
                {
                    "name": "ELECTRICAL MACHINERY AND EQUIPMENT AND PARTS THEREOF",
                    "size": 52.04826
                },
                {
                    "name": "NUCLEAR REACTORS",
                    "size": 43.83943
                }
            ]
        },
        {"name": "2017", "children": [
                {
                    "name": "MINERAL FUELS",
                    "size": 132.29452
                },
                {
                    "name": "NATURAL OR CULTURED PEARLS",
                    "size": 74.71041
                },
                {
                    "name": "ELECTRICAL MACHINERY AND EQUIPMENT AND PARTS THEREOF",
                    "size": 48.26845
                },
                {
                    "name": "NUCLEAR REACTORS",
                    "size": 37.82325
                }
            ]
        },
        {"name": "2016", "children": [
                {
                    "name": "MINERAL FUELS",
                    "size": 103.16312
                },
                {
                    "name": "NATURAL OR CULTURED PEARLS",
                    "size": 53.7674
                },
                {
                    "name": "ELECTRICAL MACHINERY AND EQUIPMENT AND PARTS THEREOF",
                    "size": 38.56991
                },
                {
                    "name": "NUCLEAR REACTORS",
                    "size": 32.08814
                }
            ]
        },
        {"name": "2015", "children": [
                {
                    "name": "MINERAL FUELS",
                    "size": 107.25079
                },
                {
                    "name": "NATURAL OR CULTURED PEARLS",
                    "size": 65.32723
                },
                {
                    "name": "ELECTRICAL MACHINERY AND EQUIPMENT AND PARTS THEREOF",
                    "size": 36.17256
                },
                {
                    "name": "NUCLEAR REACTORS",
                    "size": 33.41817
                }
            ]
        },
        {"name": "2014", "children": [
                {
                    "name": "MINERAL FUELS",
                    "size": 156.39999
                },
                {
                    "name": "NATURAL OR CULTURED PEARLS",
                    "size": 62.37985
                },
                {
                    "name": "ELECTRICAL MACHINERY AND EQUIPMENT AND PARTS THEREOF",
                    "size": 33.14877
                },
                {
                    "name": "NUCLEAR REACTORS",
                    "size": 31.7298
                }
            ]
        },
        {"name": "2013", "children": [
                {
                    "name": "MINERAL FUELS",
                    "size": 181.38257
                },
                {
                    "name": "NATURAL OR CULTURED PEARLS",
                    "size": 58.46474
                },
                {
                    "name": "NUCLEAR REACTORS",
                    "size": 30.66832
                },
                {
                    "name": "ELECTRICAL MACHINERY AND EQUIPMENT AND PARTS THEREOF",
                    "size": 29.15208
                }
            ]
        },
        {"name": "2012", "children": [
                {
                    "name": "MINERAL FUELS",
                    "size": 181.34464
                },
                {
                    "name": "NATURAL OR CULTURED PEARLS",
                    "size": 83.89638
                },
                {
                    "name": "NUCLEAR REACTORS",
                    "size": 35.23457
                },
                {
                    "name": "ELECTRICAL MACHINERY AND EQUIPMENT AND PARTS THEREOF",
                    "size": 29.81896
                }
            ]
        },
        {"name": "2011", "children": [
                {
                    "name": "MINERAL FUELS",
                    "size": 172.75387
                },
                {
                    "name": "NATURAL OR CULTURED PEARLS",
                    "size": 91.07492
                },
                {
                    "name": "NUCLEAR REACTORS",
                    "size": 37.5513
                },
                {
                    "name": "ELECTRICAL MACHINERY AND EQUIPMENT AND PARTS THEREOF",
                    "size": 32.86462
                }
            ]
        },
        {"name": "2010", "children": [
                {
                    "name": "MINERAL FUELS",
                    "size": 115.9291
                },
                {
                    "name": "NATURAL OR CULTURED PEARLS",
                    "size": 77.05443
                },
                {
                    "name": "NUCLEAR REACTORS",
                    "size": 29.00624
                },
                {
                    "name": "ELECTRICAL MACHINERY AND EQUIPMENT AND PARTS THEREOF",
                    "size": 27.21034
                }
            ]
        }
    ]
}