id	name	population
AFG	Afghanistan	2.3600000000000003
ALB	Albania	1.37
DZA	Algeria	4.959999999999999
198	Andorra	0.0
AGO	Angola	18.95
221	Anguilla	0.44999999999999996
ATA	Antarctica	0.56
197	Antigua and Barbuda	0.38999999999999996
ARG	Argentina	7.93
ARM	Armenia	0.08
192	Aruba	1.49
AUS	Australia	291.46
AUT	Austria	990.74
AZE	Azerbaijan	0.0
BHS	Bahamas, The	1.4700000000000002
163	Bahrain	16.35
BGD	Bangladesh	51.6
180	Barbados	1.06
BLR	Belarus	19.660000000000004
BEL	Belgium	546.65
BLZ	Belize	0.6799999999999999
BEN	Benin	20.39
201	Bermuda	0.12
BTN	Bhutan	0.30000000000000004
BOL	Bolivia	0.13
BIH	Bosnia and Herzegovina	6.74
BWA	Botswana	0.01
215	British Virgin Islands	6.76
BRA	Brazil	289.13
BRN	Brunei	0.55
BGR	Bulgaria	116.91
BDI	Burundi	0.25
CAF	Central African Republic	0.04
KHM	Cambodia	1.8500000000000003
CMR	Cameroon	0.42999999999999994
CAN	Canada	812.21
169	Cape Verde	1.3999999999999997
206	Cayman Islands	6.05
CHL	Chile	11.320000000000002
CHN	China	162033.1
232	Christmas Island	0.05
236	Cocos (Keeling) Islands	0.0
COL	Colombia	1.1300000000000003
160	Comoros	1.3800000000000001
COD	Congo, Democratic Republic of the	5.279999999999999
COG	Congo, Republic of the	6.38
CRI	Costa Rica	9.76
CIV	Cote d'Ivoire	20.929999999999996
HRV	Croatia	34.85
CUB	Cuba	0.15000000000000002
CYP	Cyprus	2.2199999999999998
CZE	Czech Republic	534.6400000000001
DNK	Denmark	460.41
DJI	Djibouti	4.55
DOM	Dominican Republic	3.5
DOM	Dominica	0.14
ECU	Ecuador	3.13
EGY	Egypt	47.87
SLV	El Salvador	5.4799999999999995
GNQ	Equatorial Guinea	0.93
EST	Estonia	208.91
ETH	Ethiopia	1.49
208	Faroe Islands	0.11000000000000001
FIN	Finland	5914.76
179	French Polynesia	0.0
FRA	France	4049.3300000000004
GAB	Gabon	1.83
GMB	Gambia, The	8.370000000000003
GEO	Georgia	3.85
DEU	Germany	13563.18
GHA	Ghana	26.25
GRC	Greece	35.64
190	Grenada	0.41999999999999993
204	Guernsey	0.23
GIN	Guinea	15.910000000000004
GNB	Guinea-Bissau	1.26
GUY	Guyana	0.6000000000000001
HTI	Haiti	12.399999999999999
HND	Honduras	2.9
HKG	Hong Kong	15010.279999999999
HUN	Hungary	874.6400000000001
ISL	Iceland	2.23
IDN	Indonesia	2064.94
IRN	Iran	4.84
IRQ	Iraq	0.92
IRL	Ireland	366.96999999999997
ISR	Israel	2470.5999999999995
ITA	Italy	2635.23
JAM	Jamaica	2.12
JPN	Japan	10697.09
JOR	Jordan	1.27
KAZ	Kazakhstan	0.08
KEN	Kenya	5.24
PRK	Korea, North	53.660000000000004
KOR	Korea, South	20836.92
KWT	Kuwait	47.64
KGZ	Kyrgyzstan	0.14
LAO	Laos	0.6300000000000001
LVA	Latvia	39.260000000000005
LBN	Lebanon	2.1999999999999997
LBR	Liberia	8.550000000000002
LBY	Libya	32.650000000000006
210	Liechtenstein	1.55
LTU	Lithuania	32.12
LUX	Luxembourg	29.72
168	Macau	3.1599999999999993
MKD	Macedonia	1.9500000000000002
MDG	Madagascar	11.95
MWI	Malawi	1.44
MYS	Malaysia	10852.86
174	Maldives	1.5499999999999998
MLI	Mali	1.38
173	Malta	119.17
MRT	Mauritania	14.399999999999999
153	Mauritius	36.56999999999999
MEX	Mexico	3406.77
MDA	Moldova	0.42000000000000004
212	Monaco	0.26
MNG	Mongolia	0.03
MAR	Morocco	32.97
MOZ	Mozambique	7.420000000000001
NAM	Namibia	9.57
NPL	Nepal	13.350000000000001
NLD	Netherlands	1231.49
183	Netherlands Antilles	4.46
NCL	New Caledonia	0.49
NZL	New Zealand	53.269999999999996
NER	Niger	0.15
NGA	Nigeria	17.6
230	Norfolk Island	0.44999999999999996
209	Northern Mariana Islands	299.56
NOR	Norway	7.1
PAK	Pakistan	5.66
217	Palau	0.04
PNG	Papua New Guinea	0.78
PRY	Paraguay	0.08
PER	Peru	0.11
PHL	Philippines	1508.4
POL	Poland	570.5099999999999
PRT	Portugal	530.48
PRI	Puerto Rico	12.49
QAT	Qatar	4.51
ROU	Romania	239.41
RUS	Russia	366.67
185	Samoa	9.969999999999999
SAU	Saudi Arabia	24.479999999999997
SEN	Senegal	8.129999999999999
SRB	Serbia	3.7300000000000004
196	Seychelles	5.24
SLE	Sierra Leone	8.89
SGP	Singapore	11898.85
SVK	Slovakia	131.03
SVN	Slovenia	83.32
SLB	Solomon Islands	0.0
SOM	Somalia	1.75
ZAF	South Africa	111.8
ESP	Spain	1171.06
LKA	Sri Lanka	315.17999999999995
225	Saint Helena, Ascension, and Tristan da Cunha	0.18
207	Saint Kitts and Nevis	0.37
187	Saint Lucia	0.18000000000000002
193	Saint Vincent and the Grenadines	0.02
SDN	Sudan	1.21
SUR	Suriname	1.8599999999999999
SWZ	Swaziland	15.93
SWE	Sweden	2942.61
CHE	Switzerland	1510.31
SYR	Syria	0.57
TWN	Taiwan	7216.249999999999
TZA	Tanzania	6.57
THA	Thailand	6012.84
TGO	Togo	19.710000000000004
TTO	Trinidad and Tobago	1.91
TUN	Tunisia	33.54
TUR	Turkey	258.21
216	Turks and Caicos Islands	0.01
ARE	United Arab Emirates	1353.79
GBR	United Kingdom	3132.9500000000003
USA	United States	13738.459999999997
UGA	Uganda	0.8400000000000001
UKR	Ukraine	131.54
URY	Uruguay	0.21
UZB	Uzbekistan	0.11999999999999998
VUT	Vanuatu	5.35
VEN	Venezuela	0.54
VNM	Vietnam	11788.130000000001
189	Virgin Islands	0.36000000000000004
YEM	Yemen	5.83
ZMB	Zambia	0.28
ZWE	Zimbabwe	0.04
202	American Samoa	0.2
TCD	Chad	0.51
FJI	Fiji	0.02
MNE	Montenegro	0.02
NIC	Nicaragua	3.2100000000000004
RWA	Rwanda	0.0
211	San Marino	0.14
233	Tokelau	0.0
224	Tuvalu	0.05
GTM	Guatemala	0.66
203	Marshall Islands	0.26
222	Nauru	0.63
TJK	Tajikistan	0.01
235	Holy See (Vatican City)	0.0
ERI	Eritrea	0.0
LSO	Lesotho	0.02
237	Pitcairn Islands	0.11
TLS	Timor-Leste	0.9
194	Kiribati	0.0
227	Saint Pierre and Miquelon	0.0
214	Gibraltar	0.0
223	Cook Islands	0.0
FLK	Falkland Islands (Islas Malvinas)	0.060000000000000005
GRL	Greenland	0.01
228	Montserrat	0.0
188	Tonga	0.11
220	Wallis and Futuna	0.0
