id	name	population
AFG	Afghanistan	383.90000000000003
ALB	Albania	2.0
DZA	Algeria	21.470000000000002
202	American Samoa	0.09
AGO	Angola	4.39
221	Anguilla	0.03
197	Antigua and Barbuda	0.21000000000000002
ARG	Argentina	28.19
ARM	Armenia	92.53
192	Aruba	6.71
AUS	Australia	469.87
AUT	Austria	70.54999999999998
AZE	Azerbaijan	99.83999999999999
BHS	Bahamas, The	3.1499999999999995
163	Bahrain	58.52000000000001
BGD	Bangladesh	48.519999999999996
180	Barbados	0.9700000000000001
BLR	Belarus	0.72
BEL	Belgium	1146.69
BLZ	Belize	49.99
BEN	Benin	9.27
201	Bermuda	1.38
BTN	Bhutan	0.4
BOL	Bolivia	0.52
BIH	Bosnia and Herzegovina	0.45
BWA	Botswana	8.49
215	British Virgin Islands	0.53
BRA	Brazil	173.97
BRN	Brunei	3.7699999999999996
BGR	Bulgaria	18.240000000000002
BFA	Burkina Faso	1.2200000000000002
BDI	Burundi	1.12
CAF	Central African Republic	0.9000000000000001
KHM	Cambodia	2.1299999999999994
CMR	Cameroon	53.75
CAN	Canada	1014.1800000000001
169	Cape Verde	0.0
206	Cayman Islands	0.07
TCD	Chad	0.2
CHL	Chile	111.81
CHN	China	219.64
COL	Colombia	24.96
160	Comoros	2.22
COD	Congo, Democratic Republic of the	4.35
COG	Congo, Republic of the	7.289999999999999
223	Cook Islands	0.16
CRI	Costa Rica	18.540000000000003
CIV	Cote d'Ivoire	1.05
HRV	Croatia	8.9
CUB	Cuba	0.02
CYP	Cyprus	20.689999999999998
CZE	Czech Republic	162.97
DNK	Denmark	561.2
DJI	Djibouti	126.14999999999999
DOM	Dominican Republic	23.6
DOM	Dominica	0.06
ECU	Ecuador	0.38
EGY	Egypt	8.959999999999999
SLV	El Salvador	15.620000000000001
GNQ	Equatorial Guinea	6.67
EST	Estonia	70.48
ETH	Ethiopia	111.39999999999999
208	Faroe Islands	0.03
FJI	Fiji	12.95
FIN	Finland	193.95
179	French Polynesia	1.6
FRA	France	3430.9399999999996
GAB	Gabon	1.5100000000000002
GMB	Gambia, The	22.679999999999996
GEO	Georgia	7.369999999999999
DEU	Germany	5316.860000000001
GHA	Ghana	22.04
214	Gibraltar	0.0
GRC	Greece	75.73
GRL	Greenland	0.01
190	Grenada	1.9500000000000002
GTM	Guatemala	1.0
GIN	Guinea	5.82
GNB	Guinea-Bissau	0.02
GUY	Guyana	6.490000000000001
HTI	Haiti	9.5
HND	Honduras	2.07
HKG	Hong Kong	219.15
HUN	Hungary	18.479999999999997
ISL	Iceland	0.5900000000000001
IDN	Indonesia	10.83
IRN	Iran	51.75000000000001
IRQ	Iraq	50.04
IRL	Ireland	397.08
ISR	Israel	262.69
ITA	Italy	2065.53
JAM	Jamaica	18.9
JPN	Japan	247.17
JOR	Jordan	42.71
KAZ	Kazakhstan	235.7
KEN	Kenya	25.490000000000002
194	Kiribati	0.01
PRK	Korea, North	5.29
KOR	Korea, South	154.29000000000002
KWT	Kuwait	334.84999999999997
KGZ	Kyrgyzstan	80.64
LVA	Latvia	8.669999999999998
LBN	Lebanon	15.56
LSO	Lesotho	7.7299999999999995
LBR	Liberia	0.6100000000000001
LBY	Libya	9.09
210	Liechtenstein	0.0
LTU	Lithuania	2.3700000000000006
LUX	Luxembourg	0.19999999999999998
168	Macau	0.18
MKD	Macedonia	0.05
MDG	Madagascar	6.590000000000001
MWI	Malawi	2.1199999999999997
MYS	Malaysia	116.46999999999998
174	Maldives	8.34
MLI	Mali	7.300000000000001
173	Malta	2.37
203	Marshall Islands	0.02
MRT	Mauritania	0.44000000000000006
153	Mauritius	55.08
181	Mayotte	0.33
MEX	Mexico	464.79999999999995
MDA	Moldova	0.28
212	Monaco	0.07
MNG	Mongolia	0.05
MNE	Montenegro	0.060000000000000005
228	Montserrat	0.0
MAR	Morocco	10.64
MOZ	Mozambique	33.89000000000001
NAM	Namibia	14.37
222	Nauru	0.03
NPL	Nepal	60.54
NLD	Netherlands	1873.65
183	Netherlands Antilles	204.19
NCL	New Caledonia	0.27
NZL	New Zealand	55.92999999999999
NIC	Nicaragua	0.10999999999999999
NER	Niger	3.6200000000000006
NGA	Nigeria	515.3
209	Northern Mariana Islands	82.55
NOR	Norway	181.60999999999999
PAK	Pakistan	1.0799999999999998
PNG	Papua New Guinea	4.0
PRY	Paraguay	2.24
PER	Peru	59.58
PHL	Philippines	27.86
POL	Poland	697.37
PRT	Portugal	100.08
PRI	Puerto Rico	69.28
QAT	Qatar	77.27000000000001
ROU	Romania	17.409999999999997
RUS	Russia	276.91
RWA	Rwanda	29.049999999999997
185	Samoa	0.04
SAU	Saudi Arabia	1347.96
SEN	Senegal	130.91000000000003
SRB	Serbia	2.09
196	Seychelles	4.61
SLE	Sierra Leone	0.32000000000000006
SGP	Singapore	165.50000000000003
SVK	Slovakia	121.28000000000002
SVN	Slovenia	56.94
SLB	Solomon Islands	0.03
SOM	Somalia	32.0
ZAF	South Africa	728.7900000000001
SDS	South Sudan	0.02
ESP	Spain	2075.96
LKA	Sri Lanka	148.51
207	Saint Kitts and Nevis	4.420000000000001
187	Saint Lucia	0.6800000000000002
193	Saint Vincent and the Grenadines	0.0
SDN	Sudan	135.13
SUR	Suriname	4.21
SWZ	Swaziland	2.09
SWE	Sweden	437.54
CHE	Switzerland	338.46999999999997
SYR	Syria	0.7600000000000001
TWN	Taiwan	18.37
TJK	Tajikistan	46.209999999999994
TZA	Tanzania	180.84999999999997
THA	Thailand	72.74
TLS	Timor-Leste	0.0
TGO	Togo	24.0
TTO	Trinidad and Tobago	13.270000000000001
TUN	Tunisia	1.8200000000000003
TUR	Turkey	84.53
TKM	Turkmenistan	1.0
216	Turks and Caicos Islands	0.08
ARE	United Arab Emirates	10279.94
GBR	United Kingdom	6775.82
USA	United States	14248.89
UGA	Uganda	20.62
UKR	Ukraine	15.44
URY	Uruguay	26.08
UZB	Uzbekistan	54.830000000000005
VUT	Vanuatu	0.03
VEN	Venezuela	32.99
VNM	Vietnam	2.36
189	Virgin Islands	0.7500000000000001
220	Wallis and Futuna	0.0
YEM	Yemen	211.99
ZMB	Zambia	20.93
ZWE	Zimbabwe	54.440000000000005
ERI	Eritrea	0.09
LAO	Laos	0.01
191	Micronesia, Federated States of	0.0
225	Saint Helena, Ascension, and Tristan da Cunha	0.01
198	Andorra	0.1
230	Norfolk Island	0.0
186	Sao Tome and Principe	0.03
188	Tonga	0.0
234	Niue	0.0
PAN	Panama	0.01
236	Cocos (Keeling) Islands	0.24
