id	name	population
AFG	Afghanistan	3.93
DZA	Algeria	20.150000000000002
AGO	Angola	74.91
197	Antigua and Barbuda	1.1400000000000001
ARG	Argentina	269.4
ARM	Armenia	0.95
192	Aruba	0.45
AUS	Australia	317.84
AUT	Austria	19.59
AZE	Azerbaijan	1.14
163	Bahrain	187.7
BGD	Bangladesh	1904.5100000000002
180	Barbados	8.620000000000001
BLR	Belarus	6.27
BEL	Belgium	4441.15
BLZ	Belize	5.27
BEN	Benin	49.84
BTN	Bhutan	251.46
BOL	Bolivia	13.39
BWA	Botswana	1.7900000000000003
BRA	Brazil	706.36
BRN	Brunei	0.4700000000000001
BGR	Bulgaria	129.79
BFA	Burkina Faso	32.36
BDI	Burundi	3.4599999999999995
CAF	Central African Republic	1.02
KHM	Cambodia	1.1800000000000002
CMR	Cameroon	59.08
CAN	Canada	466.22
TCD	Chad	3.7599999999999993
CHL	Chile	201.93
CHN	China	3204.03
COL	Colombia	324.09
160	Comoros	5.010000000000001
COD	Congo, Democratic Republic of the	22.709999999999997
COG	Congo, Republic of the	53.61000000000001
CRI	Costa Rica	23.04
CIV	Cote d'Ivoire	158.63
HRV	Croatia	15.08
CUB	Cuba	14.559999999999999
CYP	Cyprus	19.49
CZE	Czech Republic	21.409999999999997
DNK	Denmark	165.32000000000002
DJI	Djibouti	333.66
DOM	Dominican Republic	51.34
DOM	Dominica	0.9299999999999999
ECU	Ecuador	390.81000000000006
EGY	Egypt	424.88000000000005
SLV	El Salvador	31.1
GNQ	Equatorial Guinea	13.100000000000001
ERI	Eritrea	3.98
EST	Estonia	84.33000000000001
ETH	Ethiopia	831.5300000000001
FJI	Fiji	0.76
FIN	Finland	73.83999999999999
FRA	France	254.22000000000003
GAB	Gabon	15.95
GMB	Gambia, The	39.53
GEO	Georgia	32.92
DEU	Germany	1421.85
GHA	Ghana	482.9
GRC	Greece	210.10999999999999
190	Grenada	2.8400000000000003
GTM	Guatemala	31.01
GIN	Guinea	60.910000000000004
GNB	Guinea-Bissau	7.52
GUY	Guyana	23.520000000000003
HTI	Haiti	36.690000000000005
HND	Honduras	53.93
HKG	Hong Kong	262.46
HUN	Hungary	17.900000000000002
ISL	Iceland	6.14
IDN	Indonesia	2190.7700000000004
IRN	Iran	2072.87
IRQ	Iraq	74.43
IRL	Ireland	47.98999999999999
ISR	Israel	141.39000000000001
ITA	Italy	5457.000000000001
JAM	Jamaica	32.68
JPN	Japan	2123.11
JOR	Jordan	57.79
KAZ	Kazakhstan	0.63
KEN	Kenya	799.3899999999999
PRK	Korea, North	73.67999999999999
KOR	Korea, South	3296.58
KWT	Kuwait	276.05
KGZ	Kyrgyzstan	0.8800000000000001
LAO	Laos	0.7100000000000001
LVA	Latvia	131.92
LBN	Lebanon	21.459999999999997
LBR	Liberia	69.21000000000001
LBY	Libya	29.87
LTU	Lithuania	58.92
LUX	Luxembourg	3.17
MKD	Macedonia	0.23000000000000004
MDG	Madagascar	114.87
MWI	Malawi	80.23
MYS	Malaysia	1516.2500000000002
174	Maldives	82.88999999999999
MLI	Mali	11.429999999999998
173	Malta	2.19
203	Marshall Islands	0.0
MRT	Mauritania	7.87
153	Mauritius	31.78
MEX	Mexico	701.0200000000001
MDA	Moldova	0.09000000000000001
MNG	Mongolia	0.01
MNE	Montenegro	2.62
MAR	Morocco	47.620000000000005
MOZ	Mozambique	117.96000000000001
NAM	Namibia	2.89
222	Nauru	0.16
NPL	Nepal	4895.4800000000005
NLD	Netherlands	1611.44
183	Netherlands Antilles	0.5
NCL	New Caledonia	0.06
NZL	New Zealand	63.17
NIC	Nicaragua	6.1
NER	Niger	1.6099999999999999
NGA	Nigeria	576.5500000000001
209	Northern Mariana Islands	32.13
NOR	Norway	537.19
PAK	Pakistan	341.39
217	Palau	0.0
PNG	Papua New Guinea	1.0100000000000002
PRY	Paraguay	143.46999999999997
PER	Peru	458.56
PHL	Philippines	435.71
POL	Poland	731.87
PRT	Portugal	483.93000000000006
PRI	Puerto Rico	34.370000000000005
QAT	Qatar	298.46999999999997
ROU	Romania	306.46
RUS	Russia	710.6
RWA	Rwanda	52.4
ESH	Western Sahara	0.0
SAU	Saudi Arabia	1757.5500000000002
SEN	Senegal	145.47
SRB	Serbia	1.2999999999999998
196	Seychelles	14.129999999999999
SLE	Sierra Leone	85.95
SGP	Singapore	442.7
SVK	Slovakia	16.380000000000003
SVN	Slovenia	108.52000000000001
SOM	Somalia	110.39
ZAF	South Africa	533.23
ESP	Spain	2007.8999999999999
LKA	Sri Lanka	1276.5800000000002
187	Saint Lucia	5.67
193	Saint Vincent and the Grenadines	0.24000000000000002
SDN	Sudan	309.35
SUR	Suriname	7.98
SWZ	Swaziland	1.37
SWE	Sweden	131.81
CHE	Switzerland	84.93
SYR	Syria	43.37
TWN	Taiwan	2084.39
TZA	Tanzania	315.04999999999995
THA	Thailand	2179.12
TGO	Togo	112.11000000000001
TTO	Trinidad and Tobago	172.23999999999998
TUN	Tunisia	55.0
TUR	Turkey	1496.8400000000001
TKM	Turkmenistan	7.510000000000001
ARE	United Arab Emirates	4855.15
GBR	United Kingdom	784.6199999999999
USA	United States	4071.47
UGA	Uganda	58.15
UKR	Ukraine	283.18
URY	Uruguay	30.84
UZB	Uzbekistan	4.87
VUT	Vanuatu	0.02
VEN	Venezuela	30.13
VNM	Vietnam	2467.06
189	Virgin Islands	0.13
YEM	Yemen	86.38000000000001
ZMB	Zambia	28.130000000000006
ZWE	Zimbabwe	24.259999999999998
ALB	Albania	6.3500000000000005
194	Kiribati	0.0
228	Montserrat	0.0
186	Sao Tome and Principe	2.33
207	Saint Kitts and Nevis	0.02
BHS	Bahamas, The	0.99
BIH	Bosnia and Herzegovina	0.1
215	British Virgin Islands	0.01
206	Cayman Islands	0.0
210	Liechtenstein	0.17
TJK	Tajikistan	0.22
179	French Polynesia	0.04
LSO	Lesotho	0.0
185	Samoa	0.13
SLB	Solomon Islands	0.12000000000000001
TLS	Timor-Leste	0.0
221	Anguilla	0.0
188	Tonga	0.0
