id	name	population
AFG	Afghanistan	13.0
ALB	Albania	0.0
DZA	Algeria	0.45999999999999996
198	Andorra	0.0
AGO	Angola	0.63
197	Antigua and Barbuda	0.0
ARG	Argentina	0.76
ARM	Armenia	0.07
192	Aruba	0.02
AUS	Australia	7.580000000000001
AUT	Austria	5.949999999999999
AZE	Azerbaijan	0.12
BHS	Bahamas, The	33.81
163	Bahrain	3.96
BGD	Bangladesh	44.14
180	Barbados	0.0
BLR	Belarus	0.0
BEL	Belgium	46.260000000000005
BLZ	Belize	0.02
BEN	Benin	0.28
201	Bermuda	0.02
BTN	Bhutan	60.94
BOL	Bolivia	0.02
BIH	Bosnia and Herzegovina	0.02
BWA	Botswana	0.1
BRA	Brazil	9.860000000000001
BRN	Brunei	0.36000000000000004
BGR	Bulgaria	0.79
BFA	Burkina Faso	0.02
BDI	Burundi	0.09
CAF	Central African Republic	0.01
KHM	Cambodia	0.52
CMR	Cameroon	5.75
CAN	Canada	33.61
169	Cape Verde	0.0
206	Cayman Islands	0.02
TCD	Chad	0.11
CHL	Chile	0.98
CHN	China	114.71
COL	Colombia	0.8999999999999999
160	Comoros	0.0
COD	Congo, Democratic Republic of the	0.04
COG	Congo, Republic of the	0.31000000000000005
CRI	Costa Rica	0.12
CIV	Cote d'Ivoire	0.09999999999999999
HRV	Croatia	0.64
CUB	Cuba	0.0
CYP	Cyprus	0.1
CZE	Czech Republic	0.91
DNK	Denmark	3.71
DJI	Djibouti	0.1
DOM	Dominican Republic	0.23000000000000004
DOM	Dominica	0.0
ECU	Ecuador	0.1
EGY	Egypt	11.190000000000001
SLV	El Salvador	0.01
GNQ	Equatorial Guinea	0.0
ERI	Eritrea	0.0
EST	Estonia	0.1
ETH	Ethiopia	1.9200000000000002
FJI	Fiji	0.46
FIN	Finland	4.84
179	French Polynesia	0.0
FRA	France	78.21000000000001
GAB	Gabon	0.33999999999999997
GMB	Gambia, The	0.03
GEO	Georgia	0.25
DEU	Germany	159.65
GHA	Ghana	1.33
GRC	Greece	0.49
190	Grenada	0.0
GTM	Guatemala	0.21
GIN	Guinea	0.11000000000000001
GNB	Guinea-Bissau	0.0
GUY	Guyana	0.01
HTI	Haiti	0.07
HND	Honduras	0.11000000000000001
HKG	Hong Kong	64.88
HUN	Hungary	4.94
ISL	Iceland	0.44
IDN	Indonesia	41.51
IRN	Iran	5.0
IRQ	Iraq	1.69
IRL	Ireland	7.08
ISR	Israel	21.95
ITA	Italy	42.38
JAM	Jamaica	3.1
JPN	Japan	277.59000000000003
JOR	Jordan	0.91
KAZ	Kazakhstan	0.5900000000000001
KEN	Kenya	3.09
194	Kiribati	0.0
PRK	Korea, North	2.71
KOR	Korea, South	44.97
KWT	Kuwait	3.66
KGZ	Kyrgyzstan	0.06999999999999999
LAO	Laos	0.05
LVA	Latvia	0.07
LBN	Lebanon	1.0
LSO	Lesotho	0.0
LBR	Liberia	0.07
LBY	Libya	0.33999999999999997
210	Liechtenstein	0.0
LTU	Lithuania	0.24
LUX	Luxembourg	2.11
MKD	Macedonia	0.02
MDG	Madagascar	0.02
MWI	Malawi	0.21
MYS	Malaysia	56.419999999999995
174	Maldives	0.69
MLI	Mali	0.1
173	Malta	0.98
MRT	Mauritania	0.02
153	Mauritius	2.6999999999999997
MEX	Mexico	9.100000000000001
191	Micronesia, Federated States of	0.0
MDA	Moldova	0.13
MNG	Mongolia	0.1
MNE	Montenegro	0.0
MAR	Morocco	0.43
MOZ	Mozambique	0.28
NAM	Namibia	0.37
NPL	Nepal	92.06
NLD	Netherlands	32.24
183	Netherlands Antilles	0.0
NCL	New Caledonia	0.0
NZL	New Zealand	7.59
NIC	Nicaragua	0.06
NER	Niger	0.0
NGA	Nigeria	14.509999999999998
209	Northern Mariana Islands	3.42
NOR	Norway	4.220000000000001
PAK	Pakistan	18.439999999999998
217	Palau	0.0
PNG	Papua New Guinea	0.01
PRY	Paraguay	0.08
PER	Peru	0.54
PHL	Philippines	8.450000000000001
POL	Poland	6.789999999999999
PRT	Portugal	0.54
PRI	Puerto Rico	0.8400000000000001
QAT	Qatar	4.859999999999999
ROU	Romania	0.76
RUS	Russia	49.74
RWA	Rwanda	0.060000000000000005
185	Samoa	0.04
SAU	Saudi Arabia	8.829999999999998
SEN	Senegal	0.41
SRB	Serbia	0.060000000000000005
196	Seychelles	0.42
SLE	Sierra Leone	0.47000000000000003
SGP	Singapore	813.79
SVK	Slovakia	0.19999999999999998
SVN	Slovenia	0.62
SOM	Somalia	0.0
ZAF	South Africa	20.560000000000002
SDS	South Sudan	0.0
ESP	Spain	13.65
LKA	Sri Lanka	61.599999999999994
207	Saint Kitts and Nevis	0.0
187	Saint Lucia	0.05
193	Saint Vincent and the Grenadines	0.0
SDN	Sudan	1.9300000000000002
SUR	Suriname	0.13
SWZ	Swaziland	0.08
SWE	Sweden	6.99
CHE	Switzerland	58.809999999999995
SYR	Syria	0.11000000000000001
TWN	Taiwan	31.97
TJK	Tajikistan	0.15000000000000002
TZA	Tanzania	3.15
THA	Thailand	31.94
TGO	Togo	0.43000000000000005
188	Tonga	0.0
TTO	Trinidad and Tobago	0.36
TUN	Tunisia	0.32
TUR	Turkey	56.53
TKM	Turkmenistan	0.0
ARE	United Arab Emirates	469.08000000000004
GBR	United Kingdom	364.75
USA	United States	437.58
UGA	Uganda	7.4799999999999995
UKR	Ukraine	5.81
URY	Uruguay	0.09999999999999999
UZB	Uzbekistan	0.2
VUT	Vanuatu	0.0
VEN	Venezuela	0.37000000000000005
VNM	Vietnam	11.17
YEM	Yemen	1.47
ZMB	Zambia	0.56
ZWE	Zimbabwe	0.1
215	British Virgin Islands	0.0
168	Macau	0.0
212	Monaco	0.0
211	San Marino	0.0
216	Turks and Caicos Islands	0.0
221	Anguilla	0.0
223	Cook Islands	0.0
214	Gibraltar	0.0
228	Montserrat	0.0
SLB	Solomon Islands	0.0
TLS	Timor-Leste	21.79
235	Holy See (Vatican City)	0.0
ATA	Antarctica	0.0
PAN	Panama	0.02
186	Sao Tome and Principe	0.0
225	Saint Helena, Ascension, and Tristan da Cunha	0.0
189	Virgin Islands	0.0
202	American Samoa	1.8
230	Norfolk Island	0.0
ESH	Western Sahara	0.16
