id	name	population
AFG	Afghanistan	141.98
ALB	Albania	0.0
DZA	Algeria	4.82
198	Andorra	0.05
AGO	Angola	0.39
197	Antigua and Barbuda	0.04
ARG	Argentina	15.34
ARM	Armenia	70.00999999999999
192	Aruba	2.03
AUS	Australia	2500.84
AUT	Austria	40.089999999999996
AZE	Azerbaijan	0.6100000000000001
BHS	Bahamas, The	9.11
163	Bahrain	347.6199999999999
BGD	Bangladesh	35.42999999999999
180	Barbados	0.12
BLR	Belarus	1.5999999999999996
BEL	Belgium	23722.71
BLZ	Belize	0.01
BEN	Benin	13.900000000000002
201	Bermuda	0.06
BTN	Bhutan	4.1899999999999995
BOL	Bolivia	0.07
BIH	Bosnia and Herzegovina	0.0
BWA	Botswana	231.07999999999998
215	British Virgin Islands	0.02
BRA	Brazil	29.279999999999998
BRN	Brunei	6.65
BGR	Bulgaria	3.18
BFA	Burkina Faso	0.66
CAF	Central African Republic	0.0
KHM	Cambodia	0.38
CMR	Cameroon	0.3
CAN	Canada	1135.7800000000002
206	Cayman Islands	0.16
TCD	Chad	2.18
CHL	Chile	26.54
CHN	China	1367.1500000000003
COL	Colombia	6.1000000000000005
160	Comoros	0.05
COD	Congo, Democratic Republic of the	1.44
COG	Congo, Republic of the	0.53
CRI	Costa Rica	0.33
CIV	Cote d'Ivoire	1.5600000000000003
HRV	Croatia	3.62
CUB	Cuba	0.16999999999999998
CYP	Cyprus	3.7299999999999995
CZE	Czech Republic	20.439999999999998
DNK	Denmark	71.04
DJI	Djibouti	1.62
DOM	Dominican Republic	0.32000000000000006
ECU	Ecuador	0.26
EGY	Egypt	22.54
SLV	El Salvador	0.7100000000000001
EST	Estonia	4.05
ETH	Ethiopia	2.07
FJI	Fiji	37.440000000000005
FIN	Finland	47.540000000000006
179	French Polynesia	0.03
FRA	France	970.6
GAB	Gabon	0.01
GMB	Gambia, The	0.05
GEO	Georgia	0.74
DEU	Germany	977.8199999999999
GHA	Ghana	3.1300000000000003
214	Gibraltar	4.619999999999999
GRC	Greece	11.809999999999999
GRL	Greenland	0.04
190	Grenada	0.01
GTM	Guatemala	0.52
204	Guernsey	0.03
GIN	Guinea	4.8999999999999995
GUY	Guyana	0.61
HTI	Haiti	0.01
HND	Honduras	4.97
HKG	Hong Kong	102038.64
HUN	Hungary	5.94
ISL	Iceland	0.4
IDN	Indonesia	14.159999999999998
IRN	Iran	139.17
IRQ	Iraq	21.37
IRL	Ireland	33.22
ISR	Israel	10114.76
ITA	Italy	980.69
JAM	Jamaica	0.8900000000000001
JPN	Japan	2902.9199999999996
JOR	Jordan	1.9799999999999998
KAZ	Kazakhstan	6.369999999999999
KEN	Kenya	3.0399999999999996
PRK	Korea, North	4.359999999999999
KOR	Korea, South	754.0699999999999
KWT	Kuwait	248.84
KGZ	Kyrgyzstan	1.2000000000000002
LAO	Laos	0.13
LVA	Latvia	2.36
LBN	Lebanon	127.27000000000001
LBY	Libya	2.4099999999999997
210	Liechtenstein	0.08
LTU	Lithuania	1.73
LUX	Luxembourg	2.07
168	Macau	2.1999999999999997
MKD	Macedonia	0.26
MDG	Madagascar	0.55
MWI	Malawi	0.17
MYS	Malaysia	662.39
174	Maldives	3.5600000000000005
MLI	Mali	29.380000000000003
173	Malta	0.45000000000000007
MRT	Mauritania	1.08
153	Mauritius	24.849999999999994
181	Mayotte	0.01
MEX	Mexico	27.169999999999998
MDA	Moldova	0.02
212	Monaco	1.2400000000000002
MNG	Mongolia	0.42
MNE	Montenegro	0.16999999999999998
228	Montserrat	0.0
MAR	Morocco	4.069999999999999
MOZ	Mozambique	0.06
NAM	Namibia	4.05
NPL	Nepal	75.11
NLD	Netherlands	191.32
183	Netherlands Antilles	20.540000000000003
NCL	New Caledonia	0.19
NZL	New Zealand	149.66
NIC	Nicaragua	0.01
NER	Niger	2.4899999999999998
NGA	Nigeria	52.76
230	Norfolk Island	0.03
209	Northern Mariana Islands	55.75
NOR	Norway	50.07
PAK	Pakistan	181.09
217	Palau	0.0
PAN	Panama	0.23
PNG	Papua New Guinea	0.07
PRY	Paraguay	0.12
PER	Peru	5.02
PHL	Philippines	14.680000000000001
POL	Poland	83.16
PRT	Portugal	11.93
PRI	Puerto Rico	0.81
QAT	Qatar	242.29000000000002
ROU	Romania	7.66
RUS	Russia	45.349999999999994
RWA	Rwanda	0.57
185	Samoa	0.01
211	San Marino	0.05
SAU	Saudi Arabia	218.37
SEN	Senegal	25.23
SRB	Serbia	0.47
196	Seychelles	0.39
SLE	Sierra Leone	0.09
SGP	Singapore	5038.9
213	Saint Martin	0.01
SVK	Slovakia	2.12
SVN	Slovenia	4.210000000000001
SOM	Somalia	0.7300000000000001
ZAF	South Africa	615.59
ESP	Spain	457.06
LKA	Sri Lanka	140.38000000000002
207	Saint Kitts and Nevis	0.07
227	Saint Pierre and Miquelon	0.0
SDN	Sudan	21.71
SUR	Suriname	0.7100000000000001
SWZ	Swaziland	26.75
SWE	Sweden	196.58
CHE	Switzerland	2415.32
SYR	Syria	5.08
TWN	Taiwan	169.15
TJK	Tajikistan	0.02
TZA	Tanzania	8.0
THA	Thailand	5544.08
TGO	Togo	0.9400000000000002
TTO	Trinidad and Tobago	3.0799999999999996
TUN	Tunisia	2.27
TUR	Turkey	693.23
216	Turks and Caicos Islands	0.67
ARE	United Arab Emirates	130216.84
GBR	United Kingdom	4508.86
USA	United States	74002.62
UGA	Uganda	0.53
UKR	Ukraine	6.910000000000001
URY	Uruguay	2.72
UZB	Uzbekistan	0.28
VUT	Vanuatu	0.060000000000000005
VEN	Venezuela	0.53
VNM	Vietnam	27.03
189	Virgin Islands	24.81
YEM	Yemen	6.869999999999999
ZMB	Zambia	21.22
ZWE	Zimbabwe	0.77
LBR	Liberia	0.02
222	Nauru	0.01
187	Saint Lucia	0.0
DOM	Dominica	0.0
GNQ	Equatorial Guinea	0.0
194	Kiribati	0.0
SLB	Solomon Islands	0.01
TKM	Turkmenistan	0.01
223	Cook Islands	0.23
LSO	Lesotho	0.0
193	Saint Vincent and the Grenadines	0.0
220	Wallis and Futuna	0.0
BDI	Burundi	0.0
169	Cape Verde	0.0
232	Christmas Island	0.56
186	Sao Tome and Principe	0.0
188	Tonga	0.09
ERI	Eritrea	0.02
TLS	Timor-Leste	0.0
224	Tuvalu	0.01
208	Faroe Islands	0.01
221	Anguilla	0.0
ATA	Antarctica	0.01
ESH	Western Sahara	0.0
225	Saint Helena, Ascension, and Tristan da Cunha	0.0
233	Tokelau	0.01
GNB	Guinea-Bissau	0.0
