id	name	population
AFG	Afghanistan	7.679999999999999
ALB	Albania	2.54
DZA	Algeria	21.47
198	Andorra	0.0
AGO	Angola	29.070000000000004
221	Anguilla	0.01
197	Antigua and Barbuda	0.06
ARG	Argentina	3.2700000000000005
ARM	Armenia	1.7100000000000002
192	Aruba	0.03
AUS	Australia	116.04
AUT	Austria	1.4500000000000002
AZE	Azerbaijan	0.24
BHS	Bahamas, The	0.48000000000000004
163	Bahrain	31.47
BGD	Bangladesh	297.40000000000003
180	Barbados	0.27999999999999997
BLR	Belarus	0.62
BEL	Belgium	23.57
BLZ	Belize	1.35
BEN	Benin	12.43
201	Bermuda	0.02
BTN	Bhutan	26.32
BOL	Bolivia	3.73
BIH	Bosnia and Herzegovina	0.03
BWA	Botswana	2.47
BRA	Brazil	20.47
BRN	Brunei	3.79
BGR	Bulgaria	10.27
BFA	Burkina Faso	7.75
BDI	Burundi	2.42
CAF	Central African Republic	0.25
KHM	Cambodia	10.879999999999997
CMR	Cameroon	24.07
CAN	Canada	60.64000000000001
169	Cape Verde	0.02
206	Cayman Islands	0.07
TCD	Chad	0.7999999999999999
CHL	Chile	11.700000000000001
CHN	China	165.43000000000004
COL	Colombia	20.419999999999998
160	Comoros	1.63
COD	Congo, Democratic Republic of the	28.110000000000003
COG	Congo, Republic of the	19.419999999999998
CRI	Costa Rica	19.97
CIV	Cote d'Ivoire	21.27
HRV	Croatia	1.47
CUB	Cuba	1.1400000000000001
CYP	Cyprus	2.2600000000000002
CZE	Czech Republic	3.41
DNK	Denmark	19.279999999999998
DJI	Djibouti	34.26
DOM	Dominican Republic	6.92
DOM	Dominica	0.33
ECU	Ecuador	8.57
EGY	Egypt	137.63
SLV	El Salvador	2.54
GNQ	Equatorial Guinea	0.8900000000000001
ERI	Eritrea	1.34
EST	Estonia	3.7
ETH	Ethiopia	147.57
FJI	Fiji	4.57
FIN	Finland	9.819999999999999
179	French Polynesia	0.32
FRA	France	37.86
GAB	Gabon	3.1799999999999993
GMB	Gambia, The	4.02
GEO	Georgia	18.02
DEU	Germany	150.81
GHA	Ghana	128.04
214	Gibraltar	0.0
GRC	Greece	50.61999999999999
190	Grenada	0.07
GTM	Guatemala	5.4
GIN	Guinea	5.44
GNB	Guinea-Bissau	0.37999999999999995
GUY	Guyana	2.82
HTI	Haiti	8.639999999999999
HND	Honduras	7.490000000000001
HKG	Hong Kong	68.61000000000001
HUN	Hungary	0.7800000000000001
ISL	Iceland	0.03
IDN	Indonesia	167.20000000000002
IRN	Iran	434.29
IRQ	Iraq	15.59
IRL	Ireland	16.8
ISR	Israel	115.99999999999999
ITA	Italy	88.67000000000002
JAM	Jamaica	2.37
JPN	Japan	7.36
JOR	Jordan	42.03
KAZ	Kazakhstan	1.12
KEN	Kenya	443.7199999999999
PRK	Korea, North	0.13
KOR	Korea, South	17.380000000000003
KWT	Kuwait	73.03
KGZ	Kyrgyzstan	0.06999999999999999
LAO	Laos	1.1500000000000001
LVA	Latvia	7.9
LBN	Lebanon	18.1
LSO	Lesotho	0.02
LBR	Liberia	12.879999999999999
LBY	Libya	6.58
LTU	Lithuania	6.43
LUX	Luxembourg	0.21999999999999997
168	Macau	0.02
MKD	Macedonia	0.07
MDG	Madagascar	27.03
MWI	Malawi	12.76
MYS	Malaysia	136.63
174	Maldives	14.709999999999999
MLI	Mali	5.34
173	Malta	0.9500000000000001
203	Marshall Islands	0.16
MRT	Mauritania	0.6799999999999999
153	Mauritius	26.059999999999995
181	Mayotte	0.1
MEX	Mexico	77.30999999999999
MDA	Moldova	0.13999999999999999
212	Monaco	0.07
MNG	Mongolia	0.03
MNE	Montenegro	0.66
228	Montserrat	0.0
MAR	Morocco	1.8900000000000001
MOZ	Mozambique	60.94
NAM	Namibia	0.42
NPL	Nepal	649.06
NLD	Netherlands	75.94
183	Netherlands Antilles	1.9900000000000002
NCL	New Caledonia	0.0
NZL	New Zealand	12.98
NIC	Nicaragua	21.17
NER	Niger	1.1300000000000001
NGA	Nigeria	462.91999999999996
230	Norfolk Island	0.06
209	Northern Mariana Islands	25.409999999999997
NOR	Norway	72.33999999999999
PAK	Pakistan	10.67
217	Palau	0.0
PNG	Papua New Guinea	6.690000000000001
PRY	Paraguay	0.7900000000000001
PER	Peru	11.45
PHL	Philippines	78.30000000000001
POL	Poland	9.0
PRT	Portugal	12.059999999999999
PRI	Puerto Rico	20.779999999999998
QAT	Qatar	52.220000000000006
ROU	Romania	5.800000000000001
RUS	Russia	41.84
RWA	Rwanda	7.699999999999999
185	Samoa	0.01
186	Sao Tome and Principe	0.4600000000000001
SAU	Saudi Arabia	338.59000000000003
SEN	Senegal	13.77
SRB	Serbia	0.30000000000000004
196	Seychelles	2.1199999999999997
SLE	Sierra Leone	4.33
SGP	Singapore	209.12
SVK	Slovakia	0.23000000000000004
SVN	Slovenia	2.0300000000000002
SLB	Solomon Islands	0.01
SOM	Somalia	5.77
ZAF	South Africa	204.59
SDS	South Sudan	0.0
ESP	Spain	29.009999999999998
LKA	Sri Lanka	845.3600000000001
207	Saint Kitts and Nevis	0.09999999999999999
187	Saint Lucia	0.16999999999999998
193	Saint Vincent and the Grenadines	0.54
SDN	Sudan	121.47999999999999
SUR	Suriname	1.33
SWZ	Swaziland	0.22999999999999998
SWE	Sweden	13.930000000000001
CHE	Switzerland	8.16
SYR	Syria	13.79
TWN	Taiwan	22.61
TJK	Tajikistan	0.38
TZA	Tanzania	139.27
THA	Thailand	161.60999999999999
TLS	Timor-Leste	0.05
TGO	Togo	14.860000000000001
TTO	Trinidad and Tobago	6.79
TUN	Tunisia	3.9799999999999995
TUR	Turkey	130.87
TKM	Turkmenistan	0.8099999999999999
216	Turks and Caicos Islands	0.0
ARE	United Arab Emirates	1139.8700000000003
GBR	United Kingdom	607.8
USA	United States	742.1200000000001
UGA	Uganda	97.3
UKR	Ukraine	14.259999999999998
URY	Uruguay	0.36000000000000004
UZB	Uzbekistan	1.4800000000000002
VUT	Vanuatu	0.13999999999999999
VEN	Venezuela	6.16
VNM	Vietnam	266.43
189	Virgin Islands	0.05
YEM	Yemen	43.06
ZMB	Zambia	47.4
ZWE	Zimbabwe	8.620000000000001
208	Faroe Islands	0.0
194	Kiribati	0.18
224	Tuvalu	0.0
215	British Virgin Islands	0.02
PAN	Panama	0.16
222	Nauru	0.02
202	American Samoa	0.0
188	Tonga	0.0
