id	name	population
AFG	Afghanistan	38.29
ALB	Albania	7.059999999999999
DZA	Algeria	259.53999999999996
198	Andorra	0.03
AGO	Angola	174.96
221	Anguilla	0.0
197	Antigua and Barbuda	0.5700000000000001
ARG	Argentina	129.66
ARM	Armenia	10.16
192	Aruba	0.8
AUS	Australia	464.94999999999993
AUT	Austria	33.99
AZE	Azerbaijan	3.6400000000000006
BHS	Bahamas, The	86.96000000000001
163	Bahrain	248.88000000000002
BGD	Bangladesh	1448.6799999999998
180	Barbados	3.56
BLR	Belarus	6.7700000000000005
BEL	Belgium	657.18
BLZ	Belize	1.22
BEN	Benin	56.239999999999995
201	Bermuda	0.11000000000000001
BTN	Bhutan	63.620000000000005
BOL	Bolivia	6.74
BIH	Bosnia and Herzegovina	2.16
BWA	Botswana	7.27
BRA	Brazil	717.08
BRN	Brunei	3.6799999999999997
BGR	Bulgaria	111.09
BFA	Burkina Faso	25.529999999999998
BDI	Burundi	10.329999999999998
CAF	Central African Republic	1.6000000000000003
KHM	Cambodia	17.01
CMR	Cameroon	81.33999999999999
CAN	Canada	569.11
169	Cape Verde	0.9000000000000001
206	Cayman Islands	0.04
TCD	Chad	8.18
CHL	Chile	201.43
CHN	China	4817.66
COL	Colombia	276.94
160	Comoros	1.1
COD	Congo, Democratic Republic of the	70.86000000000001
COG	Congo, Republic of the	74.36
CRI	Costa Rica	29.1
CIV	Cote d'Ivoire	145.34
HRV	Croatia	53.99000000000001
CUB	Cuba	24.06
CYP	Cyprus	9.989999999999998
CZE	Czech Republic	30.4
DNK	Denmark	66.63
DJI	Djibouti	136.54000000000002
DOM	Dominican Republic	99.32000000000001
DOM	Dominica	0.13
ECU	Ecuador	191.74999999999997
EGY	Egypt	915.4900000000001
SLV	El Salvador	24.83
GNQ	Equatorial Guinea	3.6300000000000003
ERI	Eritrea	4.550000000000001
EST	Estonia	16.25
ETH	Ethiopia	312.77000000000004
FJI	Fiji	23.979999999999997
FIN	Finland	48.19
179	French Polynesia	0.13
FRA	France	435.15999999999997
GAB	Gabon	11.450000000000001
GMB	Gambia, The	21.07
GEO	Georgia	35.43
DEU	Germany	1548.9499999999998
GHA	Ghana	374.89000000000004
214	Gibraltar	0.060000000000000005
GRC	Greece	147.09
190	Grenada	0.49000000000000005
GTM	Guatemala	72.57000000000001
GIN	Guinea	50.8
GNB	Guinea-Bissau	5.449999999999999
GUY	Guyana	6.32
HTI	Haiti	53.68999999999999
HND	Honduras	18.17
HKG	Hong Kong	172.53
HUN	Hungary	31.23
ISL	Iceland	1.1800000000000002
IDN	Indonesia	914.5900000000001
IRN	Iran	371.42999999999995
IRQ	Iraq	70.69
IRL	Ireland	102.44000000000001
ISR	Israel	682.72
ITA	Italy	2209.83
JAM	Jamaica	9.84
JPN	Japan	415.4700000000001
JOR	Jordan	112.82000000000001
KAZ	Kazakhstan	12.299999999999999
KEN	Kenya	619.21
194	Kiribati	0.7
PRK	Korea, North	14.29
KOR	Korea, South	340.52
KWT	Kuwait	192.13
KGZ	Kyrgyzstan	0.29000000000000004
LAO	Laos	1.74
LVA	Latvia	41.39
LBN	Lebanon	111.57
LSO	Lesotho	0.16
LBR	Liberia	26.180000000000003
LBY	Libya	29.85
LTU	Lithuania	26.529999999999998
LUX	Luxembourg	1.59
168	Macau	0.17
MKD	Macedonia	0.37
MDG	Madagascar	58.83
MWI	Malawi	55.400000000000006
MYS	Malaysia	282.81
174	Maldives	82.00999999999999
MLI	Mali	40.730000000000004
173	Malta	3.46
203	Marshall Islands	0.02
MRT	Mauritania	15.99
153	Mauritius	100.63999999999999
181	Mayotte	0.02
MEX	Mexico	527.3399999999999
191	Micronesia, Federated States of	0.06
MDA	Moldova	0.75
212	Monaco	0.0
MNG	Mongolia	0.11
MNE	Montenegro	21.740000000000002
228	Montserrat	0.09000000000000001
MAR	Morocco	185.10999999999999
MOZ	Mozambique	237.94000000000003
NAM	Namibia	11.719999999999999
222	Nauru	0.0
NPL	Nepal	1255.8300000000002
NLD	Netherlands	594.04
183	Netherlands Antilles	2.02
NCL	New Caledonia	8.32
NZL	New Zealand	94.11
NIC	Nicaragua	18.62
NER	Niger	10.459999999999999
NGA	Nigeria	1116.6599999999999
209	Northern Mariana Islands	28.22
NOR	Norway	244.97999999999996
PAK	Pakistan	1012.8199999999999
217	Palau	0.0
PNG	Papua New Guinea	17.830000000000002
PRY	Paraguay	110.71999999999998
PER	Peru	341.04
PHL	Philippines	253.61
POL	Poland	388.27000000000004
PRT	Portugal	349.48999999999995
PRI	Puerto Rico	32.2
QAT	Qatar	215.68
ROU	Romania	145.94
RUS	Russia	329.26
RWA	Rwanda	18.15
185	Samoa	8.690000000000001
211	San Marino	0.22
186	Sao Tome and Principe	0.6000000000000001
SAU	Saudi Arabia	819.9999999999999
SEN	Senegal	106.10000000000002
SRB	Serbia	24.19
196	Seychelles	13.59
SLE	Sierra Leone	55.53
SGP	Singapore	384.52
SVK	Slovakia	28.380000000000003
SVN	Slovenia	50.419999999999995
SLB	Solomon Islands	1.5600000000000003
SOM	Somalia	38.74
ZAF	South Africa	789.5299999999999
SDS	South Sudan	1.13
ESP	Spain	690.52
LKA	Sri Lanka	769.5200000000001
207	Saint Kitts and Nevis	0.6700000000000002
187	Saint Lucia	0.29000000000000004
193	Saint Vincent and the Grenadines	0.6
SDN	Sudan	221.64999999999998
SUR	Suriname	7.839999999999999
SWZ	Swaziland	0.6300000000000001
SWE	Sweden	102.98
CHE	Switzerland	49.0
SYR	Syria	60.83
TWN	Taiwan	105.97000000000001
TJK	Tajikistan	0.31
TZA	Tanzania	396.66
THA	Thailand	490.99000000000007
TLS	Timor-Leste	1.01
TGO	Togo	81.38
188	Tonga	3.3600000000000003
TTO	Trinidad and Tobago	69.25
TUN	Tunisia	162.22
TUR	Turkey	2256.7
TKM	Turkmenistan	3.75
ARE	United Arab Emirates	2596.8499999999995
GBR	United Kingdom	1514.65
USA	United States	5293.28
UGA	Uganda	190.01
UKR	Ukraine	233.92
URY	Uruguay	299.0899999999999
UZB	Uzbekistan	14.450000000000001
VUT	Vanuatu	0.43000000000000005
235	Holy See (Vatican City)	0.0
VEN	Venezuela	20.88
VNM	Vietnam	1075.78
189	Virgin Islands	0.05
YEM	Yemen	148.62
ZMB	Zambia	96.72
ZWE	Zimbabwe	56.540000000000006
215	British Virgin Islands	0.07
216	Turks and Caicos Islands	0.01
202	American Samoa	0.0
223	Cook Islands	0.0
225	Saint Helena, Ascension, and Tristan da Cunha	0.0
208	Faroe Islands	0.0
210	Liechtenstein	0.02
237	Pitcairn Islands	0.04
PAN	Panama	0.06
220	Wallis and Futuna	0.0
234	Niue	0.0
