id	name	population
AFG	Afghanistan	83.86
ALB	Albania	5.44
DZA	Algeria	55.510000000000005
AGO	Angola	13.069999999999999
197	Antigua and Barbuda	0.03
ARG	Argentina	100.65
ARM	Armenia	0.9200000000000002
192	Aruba	0.0
AUS	Australia	484.67999999999995
AUT	Austria	68.92999999999999
AZE	Azerbaijan	1.9400000000000004
BHS	Bahamas, The	0.28
163	Bahrain	28.92
BGD	Bangladesh	653.11
180	Barbados	0.6700000000000002
BLR	Belarus	3.23
BEL	Belgium	284.04
BLZ	Belize	2.02
BEN	Benin	2.4299999999999997
201	Bermuda	0.0
BTN	Bhutan	59.25
BOL	Bolivia	22.070000000000007
BIH	Bosnia and Herzegovina	2.5299999999999994
BWA	Botswana	6.680000000000001
BRA	Brazil	628.26
BRN	Brunei	3.2199999999999993
BGR	Bulgaria	18.29
BFA	Burkina Faso	60.269999999999996
BDI	Burundi	9.319999999999999
CAF	Central African Republic	0.09999999999999999
KHM	Cambodia	20.75
CMR	Cameroon	12.44
CAN	Canada	296.24
169	Cape Verde	0.16
206	Cayman Islands	0.07
TCD	Chad	1.11
CHL	Chile	157.07
CHN	China	390.19
COL	Colombia	143.16
160	Comoros	0.29000000000000004
COD	Congo, Democratic Republic of the	10.85
COG	Congo, Republic of the	9.29
CRI	Costa Rica	26.879999999999995
CIV	Cote d'Ivoire	71.83
HRV	Croatia	15.19
CUB	Cuba	23.400000000000002
CYP	Cyprus	9.120000000000001
CZE	Czech Republic	23.59
DNK	Denmark	108.17999999999999
DJI	Djibouti	45.66
DOM	Dominican Republic	12.540000000000001
DOM	Dominica	0.01
ECU	Ecuador	59.4
EGY	Egypt	343.44999999999993
SLV	El Salvador	6.510000000000001
GNQ	Equatorial Guinea	0.8200000000000001
ERI	Eritrea	4.74
EST	Estonia	9.170000000000002
ETH	Ethiopia	193.14
FJI	Fiji	6.7
FIN	Finland	109.59999999999998
179	French Polynesia	0.22000000000000003
FRA	France	588.4699999999999
GAB	Gabon	5.680000000000001
GMB	Gambia, The	4.07
GEO	Georgia	2.09
DEU	Germany	1396.25
GHA	Ghana	125.58
214	Gibraltar	0.0
GRC	Greece	44.45
190	Grenada	0.06999999999999999
GTM	Guatemala	55.16
GIN	Guinea	32.88
GNB	Guinea-Bissau	0.2
GUY	Guyana	5.43
HTI	Haiti	29.86
HND	Honduras	70.0
HKG	Hong Kong	41.08
HUN	Hungary	33.29
ISL	Iceland	0.8999999999999999
IDN	Indonesia	594.9
IRN	Iran	434.90000000000003
IRQ	Iraq	85.25999999999999
IRL	Ireland	179.9
ISR	Israel	69.96000000000001
ITA	Italy	610.5400000000001
JAM	Jamaica	1.75
JPN	Japan	150.06
JOR	Jordan	32.22
KAZ	Kazakhstan	22.200000000000003
KEN	Kenya	277.47
194	Kiribati	0.09000000000000001
PRK	Korea, North	1.9700000000000002
KOR	Korea, South	131.57
KWT	Kuwait	62.21999999999999
KGZ	Kyrgyzstan	0.49999999999999994
LAO	Laos	1.91
LVA	Latvia	99.45
LBN	Lebanon	12.559999999999999
LSO	Lesotho	0.31000000000000005
LBR	Liberia	3.7499999999999996
LBY	Libya	6.09
LTU	Lithuania	22.05
LUX	Luxembourg	0.9300000000000002
168	Macau	0.11
MKD	Macedonia	5.580000000000001
MDG	Madagascar	9.33
MWI	Malawi	19.59
MYS	Malaysia	233.50999999999996
174	Maldives	9.17
MLI	Mali	42.47
173	Malta	2.84
203	Marshall Islands	0.0
MRT	Mauritania	1.9800000000000002
153	Mauritius	26.92
181	Mayotte	0.02
MEX	Mexico	303.71999999999997
191	Micronesia, Federated States of	0.0
MDA	Moldova	0.8500000000000001
MNG	Mongolia	0.45000000000000007
MNE	Montenegro	0.9500000000000001
228	Montserrat	0.060000000000000005
MAR	Morocco	41.76
MOZ	Mozambique	49.96000000000001
NAM	Namibia	1.15
222	Nauru	0.0
NPL	Nepal	435.85
NLD	Netherlands	737.1
183	Netherlands Antilles	0.14
NCL	New Caledonia	2.91
NZL	New Zealand	62.15
NIC	Nicaragua	27.27
NER	Niger	1.1300000000000001
NGA	Nigeria	306.61
209	Northern Mariana Islands	48.93
NOR	Norway	75.69999999999999
PAK	Pakistan	446.79999999999995
PNG	Papua New Guinea	11.73
PRY	Paraguay	8.890000000000002
PER	Peru	196.17
PHL	Philippines	735.52
POL	Poland	327.62
PRT	Portugal	173.49
PRI	Puerto Rico	3.86
QAT	Qatar	106.71000000000002
ROU	Romania	83.96999999999998
RUS	Russia	234.46
RWA	Rwanda	10.73
ESH	Western Sahara	0.0
185	Samoa	0.1
186	Sao Tome and Principe	0.07
SAU	Saudi Arabia	452.41
SEN	Senegal	23.270000000000003
SRB	Serbia	3.34
196	Seychelles	2.93
SLE	Sierra Leone	5.26
SGP	Singapore	211.83
SVK	Slovakia	40.14
SVN	Slovenia	46.83
SLB	Solomon Islands	0.09
SOM	Somalia	49.43000000000001
ZAF	South Africa	440.56
SDS	South Sudan	0.8500000000000001
ESP	Spain	266.24999999999994
LKA	Sri Lanka	386.86999999999995
207	Saint Kitts and Nevis	0.01
187	Saint Lucia	0.06999999999999999
193	Saint Vincent and the Grenadines	0.0
SDN	Sudan	87.32
SUR	Suriname	1.6700000000000002
SWZ	Swaziland	1.18
SWE	Sweden	178.19
CHE	Switzerland	20.219999999999995
SYR	Syria	40.53
TWN	Taiwan	39.47
TJK	Tajikistan	1.09
TZA	Tanzania	161.49
THA	Thailand	388.27
TLS	Timor-Leste	1.29
TGO	Togo	15.59
TTO	Trinidad and Tobago	7.99
TUN	Tunisia	16.72
TUR	Turkey	408.97
TKM	Turkmenistan	10.879999999999999
216	Turks and Caicos Islands	0.0
ARE	United Arab Emirates	1072.0200000000002
GBR	United Kingdom	827.18
USA	United States	3007.2900000000004
UGA	Uganda	138.35999999999999
UKR	Ukraine	62.339999999999996
URY	Uruguay	29.2
UZB	Uzbekistan	10.170000000000002
VUT	Vanuatu	0.13
VEN	Venezuela	32.87
VNM	Vietnam	271.01
YEM	Yemen	49.07
ZMB	Zambia	40.16000000000001
ZWE	Zimbabwe	16.62
221	Anguilla	0.0
215	British Virgin Islands	0.07
198	Andorra	0.01
230	Norfolk Island	0.02
PAN	Panama	0.12000000000000001
189	Virgin Islands	0.05
GRL	Greenland	0.08
232	Christmas Island	0.0
210	Liechtenstein	0.0
233	Tokelau	0.0
227	Saint Pierre and Miquelon	0.03
188	Tonga	0.0
