id	name	population
AFG	Afghanistan	0.9
DZA	Algeria	1.3900000000000001
198	Andorra	0.01
AGO	Angola	0.25
197	Antigua and Barbuda	0.0
ARG	Argentina	2.5000000000000004
ARM	Armenia	0.03
192	Aruba	0.03
AUS	Australia	56.06999999999999
AUT	Austria	3.53
AZE	Azerbaijan	0.13
BHS	Bahamas, The	0.36
163	Bahrain	19.169999999999998
BGD	Bangladesh	17.76
180	Barbados	0.07
BLR	Belarus	0.65
BEL	Belgium	62.330000000000005
BLZ	Belize	0.01
BEN	Benin	0.35000000000000003
201	Bermuda	0.21000000000000002
BTN	Bhutan	52.39
BOL	Bolivia	0.02
BIH	Bosnia and Herzegovina	0.0
BWA	Botswana	0.05
215	British Virgin Islands	0.0
BRA	Brazil	10.42
BRN	Brunei	0.08
BGR	Bulgaria	0.39
BFA	Burkina Faso	0.01
BDI	Burundi	0.01
CAF	Central African Republic	0.03
KHM	Cambodia	0.35000000000000003
CMR	Cameroon	0.21000000000000002
CAN	Canada	72.05
206	Cayman Islands	0.01
TCD	Chad	0.01
CHL	Chile	5.620000000000001
CHN	China	221.25
COL	Colombia	1.94
160	Comoros	0.13999999999999999
COD	Congo, Democratic Republic of the	0.8199999999999998
COG	Congo, Republic of the	0.81
223	Cook Islands	0.04
CRI	Costa Rica	0.42999999999999994
CIV	Cote d'Ivoire	0.52
HRV	Croatia	0.9099999999999999
CUB	Cuba	0.01
CYP	Cyprus	0.62
CZE	Czech Republic	1.57
DNK	Denmark	20.459999999999997
DJI	Djibouti	0.42000000000000004
DOM	Dominican Republic	0.75
DOM	Dominica	0.01
ECU	Ecuador	0.7800000000000002
EGY	Egypt	7.54
SLV	El Salvador	0.04
GNQ	Equatorial Guinea	0.0
EST	Estonia	1.9999999999999998
ETH	Ethiopia	1.3700000000000003
FJI	Fiji	0.93
FIN	Finland	5.380000000000001
179	French Polynesia	0.6700000000000002
FRA	France	58.57000000000001
GAB	Gabon	0.07
GMB	Gambia, The	0.6799999999999999
GEO	Georgia	0.42
DEU	Germany	142.9
GHA	Ghana	0.77
214	Gibraltar	0.01
GRC	Greece	7.19
190	Grenada	0.0
GTM	Guatemala	0.9900000000000002
GIN	Guinea	0.32000000000000006
GNB	Guinea-Bissau	0.12
GUY	Guyana	0.06
HTI	Haiti	0.24000000000000002
HND	Honduras	0.04
HKG	Hong Kong	87.13999999999999
HUN	Hungary	0.29000000000000004
ISL	Iceland	0.63
IDN	Indonesia	2.94
IRN	Iran	10.79
IRQ	Iraq	5.449999999999999
IRL	Ireland	2.0700000000000003
ISR	Israel	10.35
ITA	Italy	43.0
JAM	Jamaica	0.52
JPN	Japan	20.87
JOR	Jordan	9.959999999999999
KAZ	Kazakhstan	1.06
KEN	Kenya	5.44
PRK	Korea, North	0.12000000000000001
KOR	Korea, South	11.51
KWT	Kuwait	33.26
KGZ	Kyrgyzstan	0.14
LAO	Laos	0.0
LVA	Latvia	0.8000000000000002
LBN	Lebanon	2.0199999999999996
LBR	Liberia	0.21000000000000002
LBY	Libya	0.56
LTU	Lithuania	1.1
LUX	Luxembourg	0.19
MKD	Macedonia	0.0
MDG	Madagascar	0.04
MWI	Malawi	0.18
MYS	Malaysia	13.89
174	Maldives	7.57
MLI	Mali	0.01
173	Malta	0.22
203	Marshall Islands	0.0
MRT	Mauritania	0.08
153	Mauritius	2.33
MEX	Mexico	14.040000000000001
212	Monaco	0.07
MNG	Mongolia	0.17
MNE	Montenegro	0.17
MAR	Morocco	1.58
MOZ	Mozambique	0.88
NAM	Namibia	0.6400000000000001
NPL	Nepal	88.2
NLD	Netherlands	111.27000000000001
183	Netherlands Antilles	0.16
NCL	New Caledonia	0.34
NZL	New Zealand	6.46
NIC	Nicaragua	0.41000000000000003
NER	Niger	0.24
NGA	Nigeria	2.29
209	Northern Mariana Islands	14.399999999999999
NOR	Norway	19.22
PAK	Pakistan	9.67
PNG	Papua New Guinea	0.42
PRY	Paraguay	0.4700000000000001
PER	Peru	1.1400000000000001
PHL	Philippines	5.07
POL	Poland	8.66
PRT	Portugal	3.53
PRI	Puerto Rico	0.35
QAT	Qatar	31.490000000000002
ROU	Romania	0.6600000000000001
RUS	Russia	7.65
RWA	Rwanda	0.02
211	San Marino	0.0
SAU	Saudi Arabia	56.56000000000001
SEN	Senegal	0.9100000000000001
SRB	Serbia	0.07
196	Seychelles	4.3599999999999985
SLE	Sierra Leone	0.78
SGP	Singapore	12.8
SVK	Slovakia	0.23000000000000004
SVN	Slovenia	0.8700000000000001
SOM	Somalia	0.78
ZAF	South Africa	18.84
SDS	South Sudan	0.0
ESP	Spain	49.699999999999996
LKA	Sri Lanka	70.19999999999999
207	Saint Kitts and Nevis	0.060000000000000005
187	Saint Lucia	0.01
SDN	Sudan	0.39
SUR	Suriname	0.05
SWZ	Swaziland	0.9000000000000001
SWE	Sweden	18.87
CHE	Switzerland	7.2700000000000005
SYR	Syria	0.71
TWN	Taiwan	6.32
TJK	Tajikistan	0.16999999999999998
TZA	Tanzania	11.85
THA	Thailand	22.74
TGO	Togo	0.06
TTO	Trinidad and Tobago	0.53
TUN	Tunisia	0.26
TUR	Turkey	70.73
ARE	United Arab Emirates	176.09
GBR	United Kingdom	147.62
USA	United States	1004.77
UGA	Uganda	1.0
UKR	Ukraine	0.76
URY	Uruguay	1.18
UZB	Uzbekistan	0.09
VUT	Vanuatu	0.15
VEN	Venezuela	0.43
VNM	Vietnam	5.5600000000000005
YEM	Yemen	1.1700000000000002
ZMB	Zambia	1.88
ZWE	Zimbabwe	0.09000000000000001
194	Kiribati	0.02
168	Macau	0.01
MDA	Moldova	0.01
TKM	Turkmenistan	1.23
216	Turks and Caicos Islands	0.0
189	Virgin Islands	0.0
SLB	Solomon Islands	0.25
193	Saint Vincent and the Grenadines	0.04
188	Tonga	0.02
ALB	Albania	0.03
202	American Samoa	0.01
221	Anguilla	0.0
169	Cape Verde	0.0
185	Samoa	0.01
186	Sao Tome and Principe	0.03
ERI	Eritrea	0.0
208	Faroe Islands	0.0
LSO	Lesotho	0.04
210	Liechtenstein	0.0
228	Montserrat	0.0
PAN	Panama	0.04
TLS	Timor-Leste	0.02
